<?xml version="1.0" encoding="UTF-8"?>
<!DOCTYPE mapper PUBLIC "-//mybatis.org//DTD Mapper 3.0//EN" "http://mybatis.org/dtd/mybatis-3-mapper.dtd">
<mapper namespace="com.review.mapper.AttachMapper">
	<insert id="insert">
		INSERT INTO REVIEW_ATTACH VALUES(#{uuid}, #{uploadPath}, #{fileName}, #{fileType}, #{bno})
	</insert>
	
	<delete id="delete">
		DELETE FROM REVIEW_ATTACH WHERE UUID = #{uuid}
	</delete>
	
	<delete id="deleteAll">
		DELETE FROM REVIEW_ATTACH WHERE BNO = #{bno}
	</delete>
	
	<select id="findByBno" resultType="com.review.domain.AttachVO">
		SELECT * FROM REVIEW_ATTACH WHERE BNO = #{bno}
	</select>
	
	<select id="getOldFiles" resultType="com.review.domain.AttachVO">
		SELECT * FROM REVIEW_ATTACH WHERE UPLOADPATH = DATE_FORMAT((CURDATE() - INTERVAL 1 DAY), '%Y%m%d');
	</select>
</mapper>