<?xml version="1.0" encoding="UTF-8"?>
<!DOCTYPE mapper PUBLIC "-//mybatis.org//DTD Mapper 3.0//EN" "http://mybatis.org/dtd/mybatis-3-mapper.dtd">
<mapper namespace="com.review.mapper.BoardMapper">
	<select id="getList" resultType="com.review.domain.BoardVO">
		SELECT * FROM REVIEW_BOARD
	</select>
	
	<select id="getListWithPaging" resultType="com.review.domain.BoardVO">
		SELECT BNO, TITLE, CONTENT, WRITER, REGDATE, UPDATEDATE, REPLYCNT
		FROM
			(SELECT @ROWNUM := @ROWNUM+1 AS ROWNUM, R.BNO, R.TITLE, R.CONTENT, R.WRITER, R.REGDATE, R.UPDATEDATE, R.REPLYCNT
				FROM REVIEW_BOARD R, (SELECT @ROWNUM := 0) temp
				<where><include refid="criteria"></include></where>
				ORDER BY REGDATE DESC) A
				LIMIT #{amount} OFFSET #{startNum}
	</select>
	
	<insert id="insert">
		INSERT INTO REVIEW_BOARD(BNO, TITLE, CONTENT, WRITER, UPDATEDATE) VALUES(get_seq("review_board"), #{title}, #{content}, #{writer}, sysdate())
	</insert>

	<sql id="criteria">
			<if test="type != null and keyword != null">
				<trim prefix="(" suffix=")" prefixOverrides="OR" suffixOverrides="AND">
					<foreach collection="typeArr" item="type">
						<trim prefix="OR">
							<choose>
								<when test="type == 'T'.toString()">
									TITLE LIKE CONCAT('%', #{keyword}, '%')
								</when>
								<when test="type == 'C'.toString()">
									CONTENT LIKE CONCAT('%', #{keyword}, '%')
								</when>
								<when test="type == 'W'.toString()">
									WRITER LIKE CONCAT('%', #{keyword}, '%')
								</when>
								<otherwise>
									TITLE LIKE CONCAT('%', #{keyword}, '%') OR CONTENT LIKE CONCAT('%', #{keyword}, '%') OR WRITER LIKE CONCAT('%', #{keyword}, '%')
								</otherwise>
							</choose>
						</trim>
					</foreach>
				</trim>
			</if>
	</sql>
	
	<insert id="insertSelectKey_bno">
		<selectKey keyProperty="bno" order="BEFORE" resultType="long">
			SELECT get_seq("review_board") FROM DUAL
		</selectKey>
		INSERT INTO REVIEW_BOARD(BNO, TITLE, CONTENT, WRITER, UPDATEDATE) 
		VALUES(#{bno}, #{title}, #{content}, #{writer}, sysdate())
	</insert>
	
	<select id="getTotal" resultType="_int">
		SELECT COUNT(bno) FROM REVIEW_BOARD
		<where>
			<trim suffixOverrides="AND">
				<include refid="criteria"></include>
			</trim>
		</where>
	</select>
	
	<delete id="delete">
		DELETE FROM REVIEW_BOARD WHERE BNO = #{bno}
	</delete>
	
	<update id="update">
		UPDATE REVIEW_BOARD
		SET TITLE = #{title}, CONTENT = #{content}, WRITER = #{writer}, UPDATEDATE = sysdate()
		WHERE BNO = #{bno}
	</update>
	
	<select id="read" resultType="com.review.domain.BoardVO">
		SELECT * FROM REVIEW_BOARD WHERE BNO = #{bno}
	</select>
	
	<update id="updateReplyCnt">
		UPDATE REVIEW_BOARD
		SET REPLYCNT = REPLYCNT + #{amount}
		WHERE BNO = #{bno}
	</update>
</mapper>