<?xml version="1.0" encoding="UTF-8"?>
<!DOCTYPE mapper PUBLIC "-//mybatis.org//DTD Mapper 3.0//EN" "http://mybatis.org/dtd/mybatis-3-mapper.dtd">
<mapper namespace="com.review.mapper.ReplyMapper">
	<insert id="insert">
		INSERT INTO REVIEW_REPLY(RNO, BNO, REPLY, REPLYER, UPDATEDATE) VALUES(get_seq("review_reply"), #{bno}, #{reply}, #{replyer}, sysdate())
	</insert>
	
	<select id="read" resultType="com.review.domain.ReplyVO">
		SELECT RNO, BNO, REPLY, REPLYER, REPLYDATE, UPDATEDATE FROM REVIEW_REPLY WHERE RNO = #{rno}
	</select>
	
	<update id="update">
		UPDATE REVIEW_REPLY
		SET REPLY = #{reply}, UPDATEDATE = SYSDATE()
		WHERE RNO = #{rno}
	</update>
	
	<delete id="delete">
		DELETE FROM REVIEW_REPLY WHERE RNO = #{rno}
	</delete>
	
	<select id="getListWithPaging" resultType="com.review.domain.ReplyVO">
		SELECT RNO, BNO, REPLY, REPLYER, REPLYDATE, UPDATEDATE 
		FROM
			(SELECT @ROWNUM := @ROWNUM + 1 AS ROWNUM, R.RNO, R.BNO, R.REPLY, R.REPLYER, R.REPLYDATE, R.UPDATEDATE
			FROM REVIEW_REPLY R, (SELECT @ROWNUM := 0) temp
			WHERE BNO = #{bno}
			ORDER BY REPLYDATE DESC) A
		LIMIT #{cri.amount} OFFSET #{cri.startNum}			
	</select>
	
	<select id="getTotal" resultType="_int">
		SELECT COUNT(RNO) FROM REVIEW_REPLY WHERE BNO = #{bno}
	</select>
</mapper>